,ジャンル,エリア,路線,件数,endpoint,parameter
,レストラン,福岡,博多駅周辺,239,https://tabelog.com/rstLst/,&from_search=&voluntary_search=1&SrtT=trend&Srt=&sort_mode=&from_search_form=1&lid=&ChkNewOpen=&pcd=40&LstPrf=A4001&LstAre=A400101&station_id=&Cat=RC&LstCat=&vac_net=0&search_date=2020%2F8%2F13%28%E6%9C%A8%29&svd=20200813&svt=1900&svps=2&RdoCosTp=2&LstCos=0&LstCosT=0&LstRev=0&sw=&LstKind=01&LstSitu=0&LstReserve=0&ChkCharterType%5B%5D=1&ChkCharterType%5B%5D=2&LstSmoking=0
,レストラン,福岡,中洲周辺,430,https://tabelog.com/rstLst/,&from_search=&voluntary_search=1&SrtT=trend&Srt=&sort_mode=&from_search_form=1&lid=&ChkNewOpen=&pcd=40&LstPrf=A4001&LstAre=A400102&station_id=6992&Cat=RC&LstCat=&vac_net=0&search_date=2020%2F8%2F13%28%E6%9C%A8%29&svd=20200813&svt=1900&svps=2&RdoCosTp=2&LstCos=0&LstCosT=0&LstRev=0&sw=&LstKind=01&LstSitu=0&LstReserve=0&ChkCharterType%5B%5D=1&ChkCharterType%5B%5D=2&LstSmoking=0
,レストラン,福岡,天神周辺,455,https://tabelog.com/rstLst/,&from_search=&voluntary_search=1&SrtT=trend&Srt=&sort_mode=&from_search_form=1&lid=&ChkNewOpen=&pcd=40&LstPrf=A4001&LstAre=A400103&station_id=0&Cat=RC&LstCat=&vac_net=0&search_date=2020%2F8%2F13%28%E6%9C%A8%29&svd=20200813&svt=1900&svps=2&RdoCosTp=2&LstCos=0&LstCosT=0&LstRev=0&sw=&LstKind=01&LstSitu=0&LstReserve=0&ChkCharterType%5B%5D=1&ChkCharterType%5B%5D=2&LstSmoking=0
,レストラン,福岡,赤坂・薬院・平尾,491,https://tabelog.com/rstLst/,&from_search=&voluntary_search=1&SrtT=trend&Srt=&sort_mode=&from_search_form=1&lid=&ChkNewOpen=&pcd=40&LstPrf=A4001&LstAre=A400104&station_id=0&Cat=RC&LstCat=&vac_net=0&search_date=2020%2F8%2F13%28%E6%9C%A8%29&svd=20200813&svt=1900&svps=2&RdoCosTp=2&LstCos=0&LstCosT=0&LstRev=0&sw=&LstKind=01&LstSitu=0&LstReserve=0&ChkCharterType%5B%5D=1&ChkCharterType%5B%5D=2&LstSmoking=0
,レストラン,福岡,大濠公園・ヤフードーム周辺,98,https://tabelog.com/rstLst/,&from_search=&voluntary_search=1&SrtT=trend&Srt=&sort_mode=&from_search_form=1&lid=&ChkNewOpen=&pcd=40&LstPrf=A4001&LstAre=A400105&station_id=0&Cat=RC&LstCat=&vac_net=0&search_date=2020%2F8%2F13%28%E6%9C%A8%29&svd=20200813&svt=1900&svps=2&RdoCosTp=2&LstCos=0&LstCosT=0&LstRev=0&sw=&LstKind=01&LstSitu=0&LstReserve=0&ChkCharterType%5B%5D=1&ChkCharterType%5B%5D=2&LstSmoking=0
,レストラン,福岡,呉服町・東公園・マリンメッセ福岡,65,https://tabelog.com/rstLst/,&from_search=&voluntary_search=1&SrtT=trend&Srt=&sort_mode=&from_search_form=1&lid=&ChkNewOpen=&pcd=40&LstPrf=A4001&LstAre=A400106&station_id=0&Cat=RC&LstCat=&vac_net=0&search_date=2020%2F8%2F13%28%E6%9C%A8%29&svd=20200813&svt=1900&svps=2&RdoCosTp=2&LstCos=0&LstCosT=0&LstRev=0&sw=&LstKind=01&LstSitu=0&LstReserve=0&ChkCharterType%5B%5D=1&ChkCharterType%5B%5D=2&LstSmoking=0
,レストラン,福岡,福岡空港駅,1,https://tabelog.com/rstLst/,&from_search=&voluntary_search=1&SrtT=trend&Srt=&sort_mode=&from_search_form=1&lid=&ChkNewOpen=&pcd=40&LstPrf=A4001&LstAre=A400107&station_id=8700&Cat=RC&LstCat=&vac_net=0&search_date=2020%2F8%2F13%28%E6%9C%A8%29&svd=20200813&svt=1900&svps=2&RdoCosTp=2&LstCos=0&LstCosT=0&LstRev=0&sw=&LstKind=01&LstSitu=0&LstReserve=0&ChkCharterType%5B%5D=1&ChkCharterType%5B%5D=2&LstSmoking=0
,レストラン,福岡,竹下・南福岡周辺,30,https://tabelog.com/rstLst/,&from_search=&voluntary_search=1&SrtT=trend&Srt=&sort_mode=&from_search_form=1&lid=&ChkNewOpen=&pcd=40&LstPrf=A4001&LstAre=A400108&station_id=0&Cat=RC&LstCat=&vac_net=0&search_date=2020%2F8%2F13%28%E6%9C%A8%29&svd=20200813&svt=1900&svps=2&RdoCosTp=2&LstCos=0&LstCosT=0&LstRev=0&sw=&LstKind=01&LstSitu=0&LstReserve=0&ChkCharterType%5B%5D=1&ChkCharterType%5B%5D=2&LstSmoking=0
,レストラン,福岡,福岡市東区,109,https://tabelog.com/rstLst/,&from_search=&voluntary_search=1&SrtT=trend&Srt=&sort_mode=&from_search_form=1&lid=&ChkNewOpen=&pcd=40&LstPrf=A4001&LstAre=A400201&station_id=0&Cat=RC&LstCat=&vac_net=0&search_date=2020%2F8%2F13%28%E6%9C%A8%29&svd=20200813&svt=1900&svps=2&RdoCosTp=2&LstCos=0&LstCosT=0&LstRev=0&sw=&LstKind=01&LstSitu=0&LstReserve=0&ChkCharterType%5B%5D=1&ChkCharterType%5B%5D=2&LstSmoking=0
,レストラン,福岡,福岡市城南区・南区,159,https://tabelog.com/rstLst/,&from_search=&voluntary_search=1&SrtT=trend&Srt=&sort_mode=&from_search_form=1&lid=&ChkNewOpen=&pcd=40&LstPrf=A4001&LstAre=A400202&station_id=0&Cat=RC&LstCat=&vac_net=0&search_date=2020%2F8%2F13%28%E6%9C%A8%29&svd=20200813&svt=1900&svps=2&RdoCosTp=2&LstCos=0&LstCosT=0&LstRev=0&sw=&LstKind=01&LstSitu=0&LstReserve=0&ChkCharterType%5B%5D=1&ChkCharterType%5B%5D=2&LstSmoking=0
,レストラン,福岡,福岡市西区・早良区,189,https://tabelog.com/rstLst/,&from_search=&voluntary_search=1&SrtT=trend&Srt=&sort_mode=&from_search_form=1&lid=&ChkNewOpen=&pcd=40&LstPrf=A4001&LstAre=A400203&station_id=0&Cat=RC&LstCat=&vac_net=0&search_date=2020%2F8%2F13%28%E6%9C%A8%29&svd=20200813&svt=1900&svps=2&RdoCosTp=2&LstCos=0&LstCosT=0&LstRev=0&sw=&LstKind=01&LstSitu=0&LstReserve=0&ChkCharterType%5B%5D=1&ChkCharterType%5B%5D=2&LstSmoking=0
,レストラン,福岡,太宰府・宗像・糟屋郡,250,https://tabelog.com/rstLst/,&from_search=&voluntary_search=1&SrtT=trend&Srt=&sort_mode=&from_search_form=1&lid=&ChkNewOpen=&pcd=40&LstPrf=A4003&LstAre=0&Cat=RC&LstCat=&vac_net=0&search_date=2020%2F8%2F13%28%E6%9C%A8%29&svd=20200813&svt=1900&svps=2&RdoCosTp=2&LstCos=0&LstCosT=0&LstRev=0&sw=&LstKind=01&LstSitu=0&LstReserve=0&ChkCharterType%5B%5D=1&ChkCharterType%5B%5D=2&LstSmoking=0
,レストラン,福岡,北九州市,594,https://tabelog.com/rstLst/,&from_search=&voluntary_search=1&SrtT=trend&Srt=&sort_mode=&from_search_form=1&lid=&ChkNewOpen=&pcd=40&LstPrf=A4004&LstAre=0&Cat=RC&LstCat=&vac_net=0&search_date=2020%2F8%2F13%28%E6%9C%A8%29&svd=20200813&svt=1900&svps=2&RdoCosTp=2&LstCos=0&LstCosT=0&LstRev=0&sw=&LstKind=01&LstSitu=0&LstReserve=0&ChkCharterType%5B%5D=1&ChkCharterType%5B%5D=2&LstSmoking=0
,レストラン,福岡,北九州市周辺,105,https://tabelog.com/rstLst/,&from_search=&voluntary_search=1&SrtT=trend&Srt=&sort_mode=&from_search_form=1&lid=&ChkNewOpen=&pcd=40&LstPrf=A4006&LstAre=0&Cat=RC&LstCat=&vac_net=0&search_date=2020%2F8%2F13%28%E6%9C%A8%29&svd=20200813&svt=1900&svps=2&RdoCosTp=2&LstCos=0&LstCosT=0&LstRev=0&sw=&LstKind=01&LstSitu=0&LstReserve=0&ChkCharterType%5B%5D=1&ChkCharterType%5B%5D=2&LstSmoking=0
,レストラン,福岡,久留米・筑後,303,https://tabelog.com/rstLst/,&from_search=&voluntary_search=1&SrtT=trend&Srt=&sort_mode=&from_search_form=1&lid=&ChkNewOpen=&pcd=40&LstPrf=A4008&LstAre=&Cat=RC&LstCat=0&vac_net=0&search_date=2020%2F8%2F13%28%E6%9C%A8%29&svd=20200813&svt=1900&svps=2&RdoCosTp=2&LstCos=0&LstCosT=0&LstRev=0&sw=&LstKind=01&LstSitu=0&LstReserve=0&ChkCharterType%5B%5D=1&ChkCharterType%5B%5D=2&LstSmoking=0
,レストラン,福岡,糸島,43,https://tabelog.com/rstLst/,&from_search=&voluntary_search=1&SrtT=trend&Srt=&sort_mode=&from_search_form=1&lid=&ChkNewOpen=&pcd=40&LstPrf=A4009&LstAre=A400901&Cat=RC&LstCat=&vac_net=0&search_date=2020%2F8%2F13%28%E6%9C%A8%29&svd=20200813&svt=1900&svps=2&RdoCosTp=2&LstCos=0&LstCosT=0&LstRev=0&sw=&LstKind=01&LstSitu=0&LstReserve=0&ChkCharterType%5B%5D=1&ChkCharterType%5B%5D=2&LstSmoking=0
,レストラン,長崎,,318,https://tabelog.com/rstLst/,&from_search=&voluntary_search=1&SrtT=trend&Srt=&sort_mode=&from_search_form=1&lid=&ChkNewOpen=&pcd=42&LstPrf=0&Cat=RC&LstCat=&vac_net=0&search_date=2020%2F8%2F13%28%E6%9C%A8%29&svd=20200813&svt=1900&svps=2&RdoCosTp=2&LstCos=0&LstCosT=0&LstRev=0&sw=&LstKind=01&LstSitu=0&LstReserve=0&ChkCharterType%5B%5D=1&ChkCharterType%5B%5D=2&LstSmoking=0
,レストラン,熊本,,622,https://tabelog.com/rstLst/,&from_search=&voluntary_search=1&SrtT=trend&Srt=&sort_mode=&from_search_form=1&lid=&ChkNewOpen=&pcd=43&LstPrf=0&Cat=RC&LstCat=&vac_net=0&search_date=2020%2F8%2F13%28%E6%9C%A8%29&svd=20200813&svt=1900&svps=2&RdoCosTp=2&LstCos=0&LstCosT=0&LstRev=0&sw=&LstKind=01&LstSitu=0&LstReserve=0&ChkCharterType%5B%5D=1&ChkCharterType%5B%5D=2&LstSmoking=0
,レストラン,大分,,341,https://tabelog.com/rstLst/,&from_search=&voluntary_search=1&SrtT=trend&Srt=&sort_mode=&from_search_form=1&lid=&ChkNewOpen=&pcd=44&LstPrf=0&Cat=RC&LstCat=&vac_net=0&search_date=2020%2F8%2F13%28%E6%9C%A8%29&svd=20200813&svt=1900&svps=2&RdoCosTp=2&LstCos=0&LstCosT=0&LstRev=0&sw=&LstKind=01&LstSitu=0&LstReserve=0&ChkCharterType%5B%5D=1&ChkCharterType%5B%5D=2&LstSmoking=0
,レストラン,鹿児島,,423,https://tabelog.com/rstLst/,&from_search=&voluntary_search=1&SrtT=trend&Srt=&sort_mode=&from_search_form=1&lid=&ChkNewOpen=&pcd=46&LstPrf=0&Cat=RC&LstCat=&vac_net=0&search_date=2020%2F8%2F13%28%E6%9C%A8%29&svd=20200813&svt=1900&svps=2&RdoCosTp=2&LstCos=0&LstCosT=0&LstRev=0&sw=&LstKind=01&LstSitu=0&LstReserve=0&ChkCharterType%5B%5D=1&ChkCharterType%5B%5D=2&LstSmoking=0